0,1,2,3,4,5,6
AClassicEducationNightOwl,AClassicEducationNightOwl,AClassicEducationNightOwl,AClassicEducationNightOwl,AClassicEducationNightOwl,AClassicEducationNightOwl,APlaceForUs
APlaceForUs,APlaceForUs,APlaceForUs,APlaceForUs,AimeeNorwichChild,Afterglow,AimeeNorwichChild
Afterglow,Afterglow,AlexTheAdventurer,Afterglow,AlexTheAdventurer,AimeeNorwichChild,AlexanderRossVelvetCurtain
AimeeNorwichChild,AimeeNorwichChild,AllIKnow,AlexTheAdventurer,AllAmericanMutt,AlexTheAdventurer,AllAmericanMutt
AlexTheAdventurer,AlexTheAdventurer,AllTheGinIsGone,AllIKnow,AllIKnow,AlexanderRossVelvetCurtain,AllIKnow
AlexanderRossVelvetCurtain,AllAmericanMutt,AloneWithYou,AloneWithYou,AllTheGinIsGone,AllAmericanMutt,AllTheGinIsGone
AllAmericanMutt,AllIKnow,Alright,Alright,AloneWithYou,AllIKnow,AloneWithYou
AloneWithYou,AllTheGinIsGone,Amalgamize,Amalgamize,Alright,AllTheGinIsGone,Alright
Alright,AloneWithYou,AnotherDayCalling,AnNascNua,AnotherDayCalling,AloneWithYou,Amalgamize
Amalgamize,Alright,Arto,AnotherDayCalling,Arto,Amalgamize,AnNascNua
AnNascNua,Amalgamize,AuctioneerOurFutureFaces,AuctioneerOurFutureFaces,AvaLunaWaterduct,AnotherDayCalling,AnotherWay
AnotherDayCalling,AnNascNua,AvaLunaWaterduct,AvaLunaWaterduct,BigTroublesPhantom,AnotherWay,Arto
AnotherWay,AnotherDayCalling,BackFromTheStart,BackFromTheStart,BlackOutBetty,Arto,AvaLunaWaterduct
Arto,Arto,Beethoven,Beethoven,BlueLitMoon,AuctioneerOurFutureFaces,BackFromTheStart
AvaLunaWaterduct,AvaLunaWaterduct,BigDummyShake,BigDummyShake,CatchingUp,AvaLunaWaterduct,Beethoven
BackFromTheStart,BackFromTheStart,BigTroublesPhantom,BigTroublesPhantom,Celebrate,BackFromTheStart,BigDummyShake
Beethoven,BigDummyShake,BlackOutBetty,BlackOutBetty,ComeAround,Beethoven,BigTroublesPhantom
BigDummyShake,BigTroublesPhantom,CUNextTime,BlueLitMoon,Copper,BigDummyShake,BlackOutBetty
BigTroublesPhantom,BlackOutBetty,CatchingUp,CUNextTime,CrazyForMe,BlackOutBetty,Bruckner
BlueLitMoon,BlueLitMoon,Celebrate,Celebrate,CreepoidOldTree,Bruckner,Bulldozer
Bulldozer,Bruckner,ComeAround,ChristmasBlues,Directions,CatchingUp,CUNextTime
Celebrate,Bulldozer,Copper,ComeAround,DonCamilloChoir,Celebrate,CatchingUp
ChristmasBlues,CUNextTime,CrazyForMe,CrazyForMe,DontPutMeOnHold,ChristmasBlues,Celebrate
ComeAround,CatchingUp,CreepoidOldTree,CreepoidOldTree,Downtempo,ComeAround,ChristmasBlues
Copper,ComeAround,DinoOnTheLoose,DinoOnTheLoose,DragMeDown,Copper,Copper
CrazyForMe,CrazyForMe,Directions,Dionizetti,DutyAndMemories,CrazyForMe,CreepoidOldTree
DinoOnTheLoose,DinoOnTheLoose,DonCamilloChoir,Directions,ElizaJane,CreepoidOldTree,DinoOnTheLoose
Dionizetti,Directions,DontPutMeOnHold,DonCamilloChoir,Eyes,DinoOnTheLoose,Dionizetti
Directions,DonCamilloChoir,Downtempo,Downtempo,FacesOnFilmWaitingForGa,Dionizetti,Directions
DontPutMeOnHold,DontPutMeOnHold,DragMeDown,ElizaJane,FlecheDOr,Directions,DontPutMeOnHold
Downtempo,Downtempo,ElizaJane,Eyes,FlyHigh,DonCamilloChoir,DragMeDown
DreamersOfTheGhetto,DreamersOfTheGhetto,Flames,FacesOnFilmWaitingForGa,FourGraham,DontPutMeOnHold,DreamersOfTheGhetto
DutyAndMemories,ElizaJane,FlecheDOr,Flames,Funkkihillo,DreamersOfTheGhetto,DutyAndMemories
ElizaJane,FacesOnFilmWaitingForGa,FourGraham,FlyHigh,FunkyToTheBone,Eyes,ElizaJane
Flames,Flames,Funkkihillo,FourGraham,GhostlyBeard,FacesOnFilmWaitingForGa,FlecheDOr
FlecheDOr,FlecheDOr,FunkyToTheBone,Funkkihillo,GoGoGo,Flames,FlyHigh
FlyHigh,FlyHigh,GhostlyBeard,FunkyToTheBone,GoTGF,FlecheDOr,Funkkihillo
FourGraham,FourGraham,GoTGF,GhostlyBeard,GoodTime,FunkyToTheBone,GhostlyBeard
Funkkihillo,Funkkihillo,GoodTime,GoTGF,GuerraAllaFrontiera,GhostlyBeard,GoGoGo
GhostlyBeard,FunkyToTheBone,GuerraAllaFrontiera,GoodTime,HappyBlues,GoTGF,GoodTime
GoGoGo,GhostlyBeard,HappyBlues,GuerraAllaFrontiera,HeartPeripheral,GoodTime,GuerraAllaFrontiera
GoodTime,GoodTime,HeartPeripheral,Heartbeats,Heartbeats,GuerraAllaFrontiera,HappyBlues
GuerraAllaFrontiera,HappyBlues,Heartbeats,HezekiahJonesBorrowedHeart,HezekiahJonesBorrowedHeart,HeartPeripheral,HeartPeripheral
HappyBlues,HezekiahJonesBorrowedHeart,HezekiahJonesBorrowedHeart,Horizon,IAmAlright,Heartbeats,HezekiahJonesBorrowedHeart
HeartPeripheral,Horizon,Horizon,IAmAlright,ItsMyRight,HezekiahJonesBorrowedHeart,IAmAlright
Heartbeats,IAmAlright,IAmAlright,InvisibleFamiliars,JoelHelanderDefinition,Horizon,InvisibleFamiliars
HezekiahJonesBorrowedHeart,InvisibleFamiliars,InvisibleFamiliars,IsYouIsOr,JoyRide,IAmAlright,ItsMyRight
IsYouIsOr,IsYouIsOr,JoelHelanderDefinition,JoelHelanderDefinition,JustDontTalk,IsYouIsOr,JoelHelanderDefinition
ItsMyRight,ItsMyRight,JoyRide,JustOneMinute,KakTvoiDela,ItsMyRight,JoyRide
JoelHelanderDefinition,JoelHelanderDefinition,JustDontTalk,KakTvoiDela,KarimDouaidyHopscotch,JoyRide,JustDontTalk
JoyRide,JoyRide,JustOneMinute,KarimDouaidyHopscotch,KingsAndQueens,JustDontTalk,JustOneMinute
JustDontTalk,JustDontTalk,KakTvoiDela,Knockout,Knockout,JustOneMinute,KakTvoiDela
JustOneMinute,KakTvoiDela,KingsAndQueens,LivingInTheCity,LivingInTheCity,Knockout,KingsAndQueens
KakTvoiDela,KarimDouaidyHopscotch,Knockout,LocationLocation,LocationLocation,LocationLocation,Knockout
KarimDouaidyHopscotch,KingsAndQueens,LivingInTheCity,MaggieMay,LostMyWay,LostMyWay,LocationLocation
KingsAndQueens,Knockout,LocationLocation,Mahler,LushlifeToynbeeSuite,LushlifeToynbeeSuite,LostMyWay
LivingInTheCity,LivingInTheCity,LostMyWay,MakingWhoopee,MaggieMay,MaggieMay,LushlifeToynbeeSuite
LocationLocation,LocationLocation,LushlifeToynbeeSuite,Mathematician,Mahler,MakingWhoopee,MaggieMay
LostMyWay,LostMyWay,Mahler,MeAndMyCrew,Mathematician,Mathematician,Mahler
LushlifeToynbeeSuite,Mahler,MakingWhoopee,MikesSulking,MeAndMyCrew,MikesSulking,MakingWhoopee
MaggieMay,MakingWhoopee,MeAndMyCrew,MilkCowBlues,MikesSulking,Mozart,Mathematician
Mahler,Mathematician,MikesSulking,Mozart,Mozart,MuchTooMuch,MeAndMyCrew
MakingWhoopee,MeAndMyCrew,MilkCowBlues,MyFault,MyFault,MyFault,MikesSulking
Mathematician,MikesSulking,MyFault,Naturally,MyOwn,Mystery,Mozart
MeAndMyCrew,MilkCowBlues,MyOwn,NeverStop,Mystery,Naturally,MuchTooMuch
MuchTooMuch,MuchTooMuch,Naturally,OdeToBregovic,NeverStop,NeverStop,MyFault
MyFault,MyFault,NeverStop,OnceMore,NewDayDawning,NewDayDawning,Mystery
MyOwn,MyOwn,OdeToBregovic,PassingShips,OnceMore,OdeToBregovic,Naturally
Naturally,Naturally,OnceMore,Place2Be,PassingShips,OnceMore,NewDayDawning
NeverStop,OnceMore,PassingShips,PocketKnife,Place2Be,PassingShips,OnceMore
NewDayDawning,Place2Be,PrayForTheRain,PrayForTheRain,PocketKnife,PocketKnife,PassingShips
OdeToBregovic,PrayForTheRain,Progresivo,Progresivo,PrayForTheRain,PrayForTheRain,PrayForTheRain
Place2Be,RabbitHole,Puccini,Puccini,Progresivo,Progresivo,Progresivo
PocketKnife,RescueMe,RabbitHole,RabbitHole,RabbitHole,Puccini,Puccini
Progresivo,Revelations,Rachel,Rachel,RamblinGamblinMan,RabbitHole,Rachel
RamblinGamblinMan,RiversRisin,RamblinGamblinMan,RescueMe,RescueMe,RamblinGamblinMan,Revelations
RescueMe,RumbaChonta,RescueMe,Revelations,Revelations,RescueMe,RiversRisin
Revelations,RunRunRun,RiversRisin,RiversRisin,Rothko,Revelations,Rothko
RiversRisin,Running,Rothko,Rothko,RumbaChonta,RiversRisin,RumbaChonta
Rothko,Scar,RumbaChonta,RumbaChonta,RunRunRun,RumbaChonta,RunRunRun
Running,SchoolboyFascination,Running,Running,Running,RunRunRun,Running
Scar,Semantics,SchoolboyFascination,Semantics,Scar,Running,Scar
SchoolboyFascination,Shore,SeaOfLeaves,Shore,SeaOfLeaves,Scar,SeaOfLeaves
Semantics,Signs,Semantics,Signs,Semantics,SchoolboyFascination,Semantics
Shore,Siren,Shore,Siren,Shore,SeaOfLeaves,Shore
Signs,SixtyFourBristol,Signs,SlowDown,Siren,Semantics,SixtyFourBristol
Siren,SlowDown,Siren,SoEasy,SixtyFourBristol,Siren,SlowDown
SixtyFourBristol,SoEasy,SlowDown,Sometimes,SlowDown,SixtyFourBristol,Spaces
SlowDown,StillFlyin,SoEasy,Spaces,Sometimes,SoEasy,StillFlyin
SoEasy,SuitYou,Sometimes,StillFlyin,Spaces,Sometimes,SuitYou
Sometimes,TakeItOff,Spaces,StitchUp,StillFlyin,StillFlyin,TakeItOff
StillFlyin,TearsInTheRain,StillFlyin,SuitYou,StitchUp,SuitYou,TalkToMeBaby
StitchUp,ThatsEntertainment,StitchUp,TalkToMeBaby,SuitYou,TalkToMeBaby,ThatsEntertainment
TakeItOff,TheBluesIsALady,TakeItOff,TearsInTheRain,TakeItOff,TearsInTheRain,TheBluesIsALady
ThatsEntertainment,TheDice,TalkToMeBaby,ThatsEntertainment,ThatsEntertainment,ThatsEntertainment,TheDice
TheBluesIsALady,TheGlass,TheLastStand,TheBluesIsALady,TheDice,TheBluesIsALady,TheGlass
TheDice,TheLastStand,TheLongWait,TheDice,TheLastStand,TheRoadAhead,TheLastStand
TheGlass,TheLongWait,TheRoadAhead,TheGlass,TheLongWait,TimesUp,TheLongWait
TimesUp,TheRoadAhead,ThroughMyEyes,TheLastStand,TimesUp,Tiptoe,ThroughMyEyes
Tiptoe,ThroughMyEyes,TimesUp,ThroughMyEyes,Tiptoe,Tiring,Tiptoe
Tiring,TimesUp,Tiring,TimesUp,Tiring,TooBright,Tiring
TooBright,Tiring,TooBright,Tiptoe,TooBright,TrudeTheBumblebee,TooBright
TrudeTheBumblebee,TooBright,TrudeTheBumblebee,Ubiquitous,TrudeTheBumblebee,Ubiquitous,TrudeTheBumblebee
Ubiquitous,TrudeTheBumblebee,Ubiquitous,Verdi,Ubiquitous,Verdi,Ubiquitous
Verdi,Ubiquitous,Waves,Waves,Verdi,Waves,Verdi
Waves,Verdi,WhoIAm,WhoIAm,WhoIAm,WhoIAm,Waves
WhoIAm,Waves,WhyDontYouStay,WhyDontYouStay,WhyDontYouStay,WhyDontYouStay,WhoIAm
WhyDontYouStay,Widow,Widow,Widow,Widow,Widow,WhyDontYouStay
Widow,Window,Window,Window,Window,Window,Widow
Window,WolfsHead,WolfsHead,WolfsHead,WolfsHead,WolfsHead,WolfsHead
WordGetsAround,WordGetsAround,WordGetsAround,WordGetsAround,WordGetsAround,WordGetsAround,WordGetsAround
YouKnowBetter,YouKnowBetter,YouKnowBetter,YouKnowBetter,YouKnowBetter,YouKnowBetter,YouKnowBetter
